SBIN,2017-01-09,20:00:00,247.65,248.85,247.60,248.40,756795.0
SBIN,2017-01-09,20:15:00,248.45,248.50,247.10,247.45,884181.0
SBIN,2017-01-09,20:30:00,247.50,247.70,247.15,247.55,330794.0
SBIN,2017-01-09,20:45:00,247.60,247.70,247.20,247.65,314906.0
SBIN,2017-01-09,21:00:00,247.65,247.70,247.30,247.45,309518.0
SBIN,2017-01-09,21:15:00,247.40,247.85,247.15,247.30,282046.0
SBIN,2017-01-09,21:30:00,247.35,247.45,247.05,247.25,243235.0
SBIN,2017-01-09,21:45:00,247.25,247.45,247.10,247.25,201876.0
SBIN,2017-01-09,22:00:00,247.20,247.45,247.05,247.15,158581.0
SBIN,2017-01-09,22:15:00,247.05,247.40,246.80,247.05,412854.0
SBIN,2017-01-09,22:30:00,247.05,247.20,246.90,247.05,150332.0
SBIN,2017-01-09,22:45:00,247.00,247.10,246.40,246.50,268693.0
SBIN,2017-01-09,23:00:00,246.60,246.90,246.40,246.60,209910.0
SBIN,2017-01-09,23:15:00,246.60,247.00,246.45,246.65,151439.0
SBIN,2017-01-09,23:30:00,246.70,246.85,246.45,246.80,172814.0
SBIN,2017-01-09,23:45:00,246.75,247.25,246.55,247.25,223406.0
SBIN,2017-01-10,00:00:00,247.25,247.70,247.10,247.65,429065.0
SBIN,2017-01-10,00:15:00,247.65,247.75,247.45,247.60,260033.0
SBIN,2017-01-10,00:30:00,247.60,247.95,247.50,247.65,306368.0
SBIN,2017-01-10,00:45:00,247.65,247.85,247.35,247.45,218716.0
SBIN,2017-01-10,01:00:00,247.50,247.60,247.20,247.50,216751.0
SBIN,2017-01-10,01:15:00,247.55,247.65,247.35,247.45,200961.0
SBIN,2017-01-10,01:30:00,247.45,247.65,247.25,247.60,358011.0
SBIN,2017-01-10,01:45:00,247.60,248.15,247.45,248.00,771143.0
SBIN,2017-01-10,02:00:00,248.00,249.00,247.95,248.90,1496995.0
SBIN,2017-01-10,19:45:00,249.65,249.75,249.65,249.75,20888.0
SBIN,2017-01-10,20:00:00,249.70,250.15,249.00,249.60,964489.0
SBIN,2017-01-10,20:15:00,249.60,250.40,249.35,250.10,518139.0
SBIN,2017-01-10,20:30:00,250.20,250.95,250.05,250.35,561137.0
SBIN,2017-01-10,20:45:00,250.30,250.55,249.70,249.95,326793.0
SBIN,2017-01-10,21:00:00,249.90,250.20,249.55,249.65,303382.0
SBIN,2017-01-10,21:15:00,249.60,250.20,249.40,249.90,255528.0
SBIN,2017-01-10,21:30:00,249.90,251.15,249.80,251.05,593510.0
SBIN,2017-01-10,21:45:00,251.15,251.25,250.35,250.50,512624.0
SBIN,2017-01-10,22:00:00,250.45,250.70,250.30,250.65,158663.0
SBIN,2017-01-10,22:15:00,250.70,250.70,250.25,250.60,202067.0
SBIN,2017-01-10,22:30:00,250.55,250.95,250.15,250.90,750137.0
SBIN,2017-01-10,22:45:00,250.90,251.25,250.70,250.90,994074.0
SBIN,2017-01-10,23:00:00,250.90,251.05,250.65,250.75,463440.0
SBIN,2017-01-10,23:15:00,250.65,251.45,250.65,251.15,334410.0
SBIN,2017-01-10,23:30:00,251.15,252.00,251.10,251.85,808463.0
SBIN,2017-01-10,23:45:00,251.90,252.45,251.40,252.35,633859.0
SBIN,2017-01-11,00:00:00,252.35,252.60,252.10,252.20,454834.0
SBIN,2017-01-11,00:15:00,252.30,252.75,252.20,252.70,376544.0
SBIN,2017-01-11,00:30:00,252.70,252.75,252.00,252.40,369643.0
SBIN,2017-01-11,00:45:00,252.50,252.60,251.85,252.40,372940.0
SBIN,2017-01-11,01:00:00,252.35,252.60,252.20,252.45,352909.0
SBIN,2017-01-11,01:15:00,252.45,253.20,252.35,252.45,790533.0
SBIN,2017-01-11,01:30:00,252.45,253.00,252.45,252.75,459798.0
SBIN,2017-01-11,01:45:00,252.80,252.90,251.90,251.90,704840.0
SBIN,2017-01-11,02:00:00,251.95,252.50,251.60,251.70,1119451.0
SBIN,2017-01-11,19:45:00,252.90,252.90,252.90,252.90,14111.0
SBIN,2017-01-11,20:00:00,252.90,253.90,252.30,253.45,979067.0
SBIN,2017-01-11,20:15:00,253.45,254.45,253.35,254.10,598293.0
SBIN,2017-01-11,20:30:00,254.05,254.20,251.95,252.00,858912.0
SBIN,2017-01-11,20:45:00,252.10,252.20,250.60,251.00,1211658.0
SBIN,2017-01-11,21:00:00,250.95,252.00,250.80,251.90,759872.0
SBIN,2017-01-11,21:15:00,251.90,252.40,251.85,252.30,310066.0
SBIN,2017-01-11,21:30:00,252.20,252.90,252.10,252.60,294021.0
SBIN,2017-01-11,21:45:00,252.50,252.95,252.15,252.80,294850.0
SBIN,2017-01-11,22:00:00,252.85,253.50,252.60,253.45,652181.0
SBIN,2017-01-11,22:15:00,253.35,253.50,253.10,253.25,311415.0
SBIN,2017-01-11,22:30:00,253.15,253.50,252.80,253.00,276880.0
SBIN,2017-01-11,22:45:00,252.95,253.30,252.70,252.90,200692.0
SBIN,2017-01-11,23:00:00,252.90,252.95,252.60,252.80,205231.0
SBIN,2017-01-11,23:15:00,252.80,252.90,252.50,252.70,157441.0
SBIN,2017-01-11,23:30:00,252.70,253.05,252.60,252.90,188665.0
SBIN,2017-01-11,23:45:00,253.00,253.25,252.80,253.25,346044.0
SBIN,2017-01-12,00:00:00,253.25,253.25,252.60,252.65,174509.0
SBIN,2017-01-12,00:15:00,252.70,252.75,252.00,252.35,263492.0
SBIN,2017-01-12,00:30:00,252.40,252.70,252.25,252.35,180526.0
SBIN,2017-01-12,00:45:00,252.25,252.30,251.60,251.95,411493.0
SBIN,2017-01-12,01:00:00,251.95,252.15,251.50,251.80,301508.0
SBIN,2017-01-12,01:15:00,251.70,252.30,251.70,252.10,269219.0
SBIN,2017-01-12,01:30:00,252.00,252.15,251.70,251.90,207627.0
SBIN,2017-01-12,01:45:00,251.75,251.90,251.25,251.40,649824.0
SBIN,2017-01-12,02:00:00,251.40,251.50,250.70,251.15,1156371.0
SBIN,2017-01-12,19:45:00,252.00,252.00,252.00,252.00,11388.0
SBIN,2017-01-12,20:00:00,252.00,252.55,251.25,251.40,740909.0
SBIN,2017-01-12,20:15:00,251.25,251.30,250.40,250.90,566211.0
SBIN,2017-01-12,20:30:00,250.90,251.25,250.00,250.25,407878.0
SBIN,2017-01-12,20:45:00,250.20,250.55,249.25,249.50,786325.0
SBIN,2017-01-12,21:00:00,249.60,249.85,249.10,249.60,304036.0
SBIN,2017-01-12,21:15:00,249.60,250.45,249.50,250.20,203222.0
SBIN,2017-01-12,21:30:00,250.20,250.70,250.10,250.20,197393.0
SBIN,2017-01-12,21:45:00,250.25,250.70,250.25,250.40,121301.0
SBIN,2017-01-12,22:00:00,250.50,250.80,250.15,250.65,235622.0
SBIN,2017-01-12,22:15:00,250.65,251.15,250.55,251.00,274409.0
SBIN,2017-01-12,22:30:00,251.00,251.60,250.75,251.55,492268.0
SBIN,2017-01-12,22:45:00,251.55,251.90,251.35,251.55,513304.0
SBIN,2017-01-12,23:00:00,251.55,251.80,251.30,251.40,233609.0
SBIN,2017-01-12,23:15:00,251.50,251.50,250.60,250.85,438640.0
SBIN,2017-01-12,23:30:00,250.80,251.30,250.70,251.20,129699.0
SBIN,2017-01-12,23:45:00,251.15,251.40,251.00,251.25,102083.0
SBIN,2017-01-13,00:00:00,251.35,251.45,250.80,251.15,197957.0
SBIN,2017-01-13,00:15:00,251.20,251.70,250.95,251.45,256067.0
SBIN,2017-01-13,00:30:00,251.45,251.75,250.70,250.80,220258.0
SBIN,2017-01-13,00:45:00,250.95,251.20,250.55,250.70,267140.0
SBIN,2017-01-13,01:00:00,250.65,250.75,250.35,250.70,467143.0
SBIN,2017-01-13,01:15:00,250.70,251.25,250.70,250.75,221758.0
SBIN,2017-01-13,01:30:00,250.75,251.35,250.65,251.35,216769.0
SBIN,2017-01-13,01:45:00,251.25,251.45,250.85,251.05,541089.0
SBIN,2017-01-13,02:00:00,251.10,251.15,250.25,251.00,1174921.0
SBIN,2017-01-15,19:45:00,251.05,251.05,251.05,251.05,20343.0
SBIN,2017-01-15,20:00:00,250.75,253.10,250.75,252.70,892725.0
SBIN,2017-01-15,20:15:00,252.65,253.00,252.05,252.35,309000.0
SBIN,2017-01-15,20:30:00,252.30,252.70,252.20,252.65,152873.0
SBIN,2017-01-15,20:45:00,252.65,252.90,252.50,252.55,145629.0
SBIN,2017-01-15,21:00:00,252.70,253.35,252.55,252.80,304248.0
SBIN,2017-01-15,21:15:00,252.80,253.10,252.50,252.80,154060.0
SBIN,2017-01-15,21:30:00,252.80,252.85,252.25,252.55,147787.0
SBIN,2017-01-15,21:45:00,252.50,252.90,252.40,252.80,101703.0
SBIN,2017-01-15,22:00:00,252.80,253.60,252.40,253.20,582955.0
SBIN,2017-01-15,22:15:00,253.20,253.70,253.05,253.50,249368.0
SBIN,2017-01-15,22:30:00,253.45,254.25,253.45,253.90,601205.0
SBIN,2017-01-15,22:45:00,253.90,254.00,253.60,253.80,248664.0
SBIN,2017-01-15,23:00:00,253.80,254.15,253.60,254.05,220375.0
SBIN,2017-01-15,23:15:00,254.05,254.65,254.00,254.25,489042.0
SBIN,2017-01-15,23:30:00,254.25,254.50,254.05,254.15,242379.0
SBIN,2017-01-15,23:45:00,254.15,254.30,253.80,253.90,305252.0
SBIN,2017-01-16,00:00:00,253.95,254.25,253.85,254.10,255945.0
SBIN,2017-01-16,00:15:00,254.00,254.90,253.85,254.50,502766.0
SBIN,2017-01-16,00:30:00,254.50,254.80,254.00,254.10,411068.0
SBIN,2017-01-16,00:45:00,254.15,255.35,254.05,254.75,895870.0
SBIN,2017-01-16,01:00:00,254.65,255.15,254.55,254.60,310388.0
SBIN,2017-01-16,01:15:00,254.65,254.70,254.00,254.50,477097.0
SBIN,2017-01-16,01:30:00,254.55,255.10,254.40,255.10,375289.0
SBIN,2017-01-16,01:45:00,255.00,256.30,255.00,256.00,2827796.0
SBIN,2017-01-16,02:00:00,256.00,256.40,255.75,256.40,1999856.0
SBIN,2017-01-16,19:45:00,257.45,257.50,257.45,257.50,32088.0
SBIN,2017-01-16,20:00:00,257.90,258.65,257.45,258.00,1265887.0
SBIN,2017-01-16,20:15:00,258.00,258.15,257.60,257.65,478713.0
SBIN,2017-01-16,20:30:00,257.70,258.25,257.40,258.05,305724.0
SBIN,2017-01-16,20:45:00,258.10,258.20,257.70,258.00,349428.0
SBIN,2017-01-16,21:00:00,258.00,258.10,256.90,257.35,466964.0
SBIN,2017-01-16,21:15:00,257.40,257.55,256.20,256.65,510299.0
SBIN,2017-01-16,21:30:00,256.75,257.00,256.60,256.95,161533.0
SBIN,2017-01-16,21:45:00,256.95,257.00,256.45,256.90,183932.0
SBIN,2017-01-16,22:00:00,256.95,256.95,256.15,256.45,233427.0
SBIN,2017-01-16,22:15:00,256.40,256.90,256.35,256.80,176943.0
SBIN,2017-01-16,22:30:00,256.75,256.90,256.20,256.35,160662.0
SBIN,2017-01-16,22:45:00,256.25,256.40,255.25,255.50,553764.0
SBIN,2017-01-16,23:00:00,255.50,256.45,255.50,256.40,229325.0
SBIN,2017-01-16,23:15:00,256.40,256.40,255.60,255.85,214816.0
SBIN,2017-01-16,23:30:00,255.90,257.10,255.70,256.85,406532.0
SBIN,2017-01-16,23:45:00,256.80,257.50,256.35,257.00,434762.0
SBIN,2017-01-17,00:00:00,257.00,257.20,256.75,256.95,118610.0
SBIN,2017-01-17,00:15:00,256.95,257.10,256.75,257.10,111729.0
SBIN,2017-01-17,00:30:00,257.10,257.20,256.80,256.80,128506.0
SBIN,2017-01-17,00:45:00,256.80,257.20,256.75,257.00,123781.0
SBIN,2017-01-17,01:00:00,257.00,257.00,256.60,257.00,143801.0
SBIN,2017-01-17,01:15:00,257.00,257.10,256.75,256.90,221034.0
SBIN,2017-01-17,01:30:00,256.85,257.80,256.85,257.30,527257.0
SBIN,2017-01-17,01:45:00,257.25,257.45,256.35,256.40,630096.0
SBIN,2017-01-17,02:00:00,256.40,256.40,254.40,255.90,1271800.0
SBIN,2017-01-17,19:45:00,257.10,257.10,257.10,257.10,22719.0
SBIN,2017-01-17,20:00:00,257.15,258.10,256.60,257.95,902300.0
SBIN,2017-01-17,20:15:00,257.95,258.30,257.40,258.05,423413.0
SBIN,2017-01-17,20:30:00,258.10,258.50,257.80,258.20,401804.0
SBIN,2017-01-17,20:45:00,258.20,259.00,258.05,258.55,381067.0
SBIN,2017-01-17,21:00:00,258.50,258.80,258.30,258.65,136731.0
SBIN,2017-01-17,21:15:00,258.65,258.75,258.15,258.15,160939.0
SBIN,2017-01-17,21:30:00,258.15,258.65,258.10,258.40,156108.0
SBIN,2017-01-17,21:45:00,258.35,258.50,258.10,258.25,220023.0
SBIN,2017-01-17,22:00:00,258.25,258.50,258.05,258.40,115643.0
SBIN,2017-01-17,22:15:00,258.35,259.30,258.20,258.75,606475.0
SBIN,2017-01-17,22:30:00,258.70,259.00,258.45,258.70,118880.0
SBIN,2017-01-17,22:45:00,258.65,258.70,257.60,257.75,270694.0
SBIN,2017-01-17,23:00:00,257.70,258.05,257.10,257.35,354614.0
SBIN,2017-01-17,23:15:00,257.35,257.95,257.35,257.80,209903.0
SBIN,2017-01-17,23:30:00,257.80,258.00,257.35,257.65,235380.0
SBIN,2017-01-17,23:45:00,257.65,257.75,256.80,257.50,311484.0
SBIN,2017-01-18,00:00:00,257.50,257.90,257.40,257.65,145638.0
SBIN,2017-01-18,00:15:00,257.65,257.90,257.20,257.35,163649.0
SBIN,2017-01-18,00:30:00,257.40,257.50,257.00,257.20,297854.0
SBIN,2017-01-18,00:45:00,257.25,257.90,257.10,257.75,184969.0
SBIN,2017-01-18,01:00:00,257.70,257.90,257.40,257.75,183567.0
SBIN,2017-01-18,01:15:00,257.75,258.70,257.60,258.50,456442.0
SBIN,2017-01-18,01:30:00,258.40,258.60,258.10,258.40,277944.0
SBIN,2017-01-18,01:45:00,258.45,258.55,258.15,258.40,430504.0
SBIN,2017-01-18,02:00:00,258.40,258.75,258.00,258.30,875684.0
SBIN,2017-01-18,19:45:00,257.20,257.20,257.20,257.20,5222.0
SBIN,2017-01-18,20:00:00,257.50,258.60,257.25,258.00,519981.0
SBIN,2017-01-18,20:15:00,258.00,258.05,257.30,257.70,259533.0
SBIN,2017-01-18,20:30:00,257.60,257.95,257.35,257.60,189244.0
SBIN,2017-01-18,20:45:00,257.65,257.90,257.40,257.60,155002.0
SBIN,2017-01-18,21:00:00,257.65,257.85,256.50,257.70,369950.0
SBIN,2017-01-18,21:15:00,257.65,257.70,257.00,257.45,161457.0
SBIN,2017-01-18,21:30:00,257.45,257.50,257.00,257.35,139816.0
SBIN,2017-01-18,21:45:00,257.40,257.75,257.25,257.55,176993.0
SBIN,2017-01-18,22:00:00,257.55,258.40,257.45,257.95,257169.0
SBIN,2017-01-18,22:15:00,258.05,258.50,257.90,258.50,214552.0
SBIN,2017-01-18,22:30:00,258.50,259.70,258.20,259.40,671884.0
SBIN,2017-01-18,22:45:00,259.30,260.50,258.95,260.15,693424.0
SBIN,2017-01-18,23:00:00,260.15,261.95,260.15,261.50,1180203.0
SBIN,2017-01-18,23:15:00,261.45,261.45,260.90,261.05,348016.0
SBIN,2017-01-18,23:30:00,261.05,261.25,260.45,260.70,281850.0
SBIN,2017-01-18,23:45:00,260.80,260.80,260.20,260.65,275638.0
SBIN,2017-01-19,00:00:00,260.65,260.65,260.20,260.20,452466.0
SBIN,2017-01-19,00:15:00,260.35,260.35,258.55,259.25,1497693.0
SBIN,2017-01-19,00:30:00,259.25,259.75,259.00,259.10,318843.0
SBIN,2017-01-19,00:45:00,259.15,259.80,258.65,259.00,335825.0
SBIN,2017-01-19,01:00:00,258.95,259.35,258.35,258.60,1213851.0
SBIN,2017-01-19,01:15:00,258.65,259.15,258.50,259.00,618681.0
SBIN,2017-01-19,01:30:00,259.00,259.20,258.75,259.10,445009.0
SBIN,2017-01-19,01:45:00,259.05,259.10,258.10,258.55,1008641.0
SBIN,2017-01-19,02:00:00,258.55,258.80,257.95,258.05,1234009.0
SBIN,2017-01-19,19:45:00,258.50,258.60,258.50,258.60,44802.0
SBIN,2017-01-19,20:00:00,258.60,260.50,258.35,259.75,962352.0
SBIN,2017-01-19,20:15:00,259.70,259.70,258.70,259.05,559415.0
SBIN,2017-01-19,20:30:00,259.15,259.20,258.50,258.55,243128.0
SBIN,2017-01-19,20:45:00,258.55,259.30,258.30,258.65,328908.0
SBIN,2017-01-19,21:00:00,258.65,258.70,257.40,257.70,552083.0
SBIN,2017-01-19,21:15:00,257.70,258.00,257.50,257.50,309355.0
SBIN,2017-01-19,21:30:00,257.55,258.00,257.10,257.25,345727.0
SBIN,2017-01-19,21:45:00,257.25,257.35,256.55,256.95,487174.0
SBIN,2017-01-19,22:00:00,256.95,257.00,256.20,256.25,617722.0
SBIN,2017-01-19,22:15:00,256.25,256.50,255.80,256.50,456218.0
SBIN,2017-01-19,22:30:00,256.50,257.20,256.35,257.00,409738.0
SBIN,2017-01-19,22:45:00,257.00,257.20,256.35,256.50,675943.0
SBIN,2017-01-19,23:00:00,256.50,256.60,256.00,256.25,394296.0
SBIN,2017-01-19,23:15:00,256.30,256.80,256.10,256.60,533425.0
SBIN,2017-01-19,23:30:00,256.60,256.80,255.25,255.50,691413.0
SBIN,2017-01-19,23:45:00,255.50,255.55,254.70,255.35,626949.0
SBIN,2017-01-20,00:00:00,255.30,255.75,254.80,255.30,307323.0
SBIN,2017-01-20,00:15:00,255.35,255.35,254.30,254.70,335926.0
SBIN,2017-01-20,00:30:00,254.75,254.80,253.20,253.70,777895.0
SBIN,2017-01-20,00:45:00,253.75,254.20,253.50,254.05,452479.0
SBIN,2017-01-20,01:00:00,254.10,254.10,252.10,252.20,680187.0
SBIN,2017-01-20,01:15:00,252.00,252.25,250.45,250.60,1163470.0
SBIN,2017-01-20,01:30:00,250.70,251.40,250.55,251.20,541761.0
SBIN,2017-01-20,01:45:00,251.20,251.75,250.65,250.90,1208683.0
SBIN,2017-01-20,02:00:00,251.00,251.50,250.45,251.20,1622048.0
SBIN,2017-01-22,19:45:00,251.00,251.00,251.00,251.00,11048.0
SBIN,2017-01-22,20:00:00,251.05,251.90,250.10,251.15,648197.0
SBIN,2017-01-22,20:15:00,251.10,253.20,250.95,252.70,876369.0
SBIN,2017-01-22,20:30:00,252.85,253.15,252.50,252.55,240825.0
SBIN,2017-01-22,20:45:00,252.55,253.00,252.55,252.60,148263.0
SBIN,2017-01-22,21:00:00,252.65,252.80,252.30,252.65,170326.0
SBIN,2017-01-22,21:15:00,252.80,253.80,252.60,253.80,383905.0
SBIN,2017-01-22,21:30:00,253.85,254.75,253.80,254.35,497039.0
SBIN,2017-01-22,21:45:00,254.35,255.20,254.35,254.70,470567.0
SBIN,2017-01-22,22:00:00,254.75,255.00,254.20,254.90,227445.0
SBIN,2017-01-22,22:15:00,254.90,254.90,254.35,254.55,185272.0
SBIN,2017-01-22,22:30:00,254.55,254.70,253.50,253.80,352311.0
SBIN,2017-01-22,22:45:00,253.75,254.00,253.50,253.95,269212.0
SBIN,2017-01-22,23:00:00,253.95,253.95,253.40,253.75,158633.0
SBIN,2017-01-22,23:15:00,253.75,253.80,253.10,253.35,331629.0
SBIN,2017-01-22,23:30:00,253.45,253.45,252.90,253.15,298538.0
SBIN,2017-01-22,23:45:00,253.20,253.75,253.00,253.50,216988.0
SBIN,2017-01-23,00:00:00,253.35,254.25,253.20,253.95,218893.0
SBIN,2017-01-23,00:15:00,254.00,254.10,253.50,253.75,383260.0
SBIN,2017-01-23,00:30:00,253.75,254.25,253.70,253.90,184533.0
SBIN,2017-01-23,00:45:00,254.00,254.70,253.80,254.50,231999.0
SBIN,2017-01-23,01:00:00,254.50,254.90,254.20,254.50,353055.0
SBIN,2017-01-23,01:15:00,254.65,254.70,254.20,254.50,270626.0
SBIN,2017-01-23,01:30:00,254.60,254.75,254.20,254.45,239973.0
SBIN,2017-01-23,01:45:00,254.35,254.60,253.85,254.00,736400.0
SBIN,2017-01-23,02:00:00,254.00,254.90,253.80,254.80,1230226.0
SBIN,2017-01-23,19:45:00,255.10,255.30,255.10,255.30,8387.0
SBIN,2017-01-23,20:00:00,255.10,257.00,254.40,255.90,844313.0
SBIN,2017-01-23,20:15:00,255.90,255.95,255.00,255.50,365038.0
SBIN,2017-01-23,20:30:00,255.45,256.30,255.00,256.00,373482.0
SBIN,2017-01-23,20:45:00,256.10,256.50,255.60,256.10,578881.0
SBIN,2017-01-23,21:00:00,256.05,256.80,256.00,256.20,454553.0
SBIN,2017-01-23,21:15:00,256.15,256.25,255.65,256.15,271025.0
SBIN,2017-01-23,21:30:00,256.20,256.45,255.95,256.25,169993.0
SBIN,2017-01-23,21:45:00,256.25,256.30,255.95,256.25,156955.0
SBIN,2017-01-23,22:00:00,256.15,256.25,255.70,255.90,233021.0
SBIN,2017-01-23,22:15:00,255.95,256.15,255.70,255.95,157093.0
SBIN,2017-01-23,22:30:00,255.95,256.10,255.75,256.00,176361.0
SBIN,2017-01-23,22:45:00,256.00,256.30,256.00,256.25,175096.0
SBIN,2017-01-23,23:00:00,256.15,256.80,256.05,256.55,311369.0
SBIN,2017-01-23,23:15:00,256.60,256.70,255.85,256.35,624691.0
SBIN,2017-01-23,23:30:00,256.30,256.45,255.10,255.75,479734.0
SBIN,2017-01-23,23:45:00,255.75,255.85,254.20,254.70,515285.0
SBIN,2017-01-24,00:00:00,254.70,255.20,254.25,254.50,309066.0
SBIN,2017-01-24,00:15:00,254.50,254.75,254.35,254.40,203107.0
SBIN,2017-01-24,00:30:00,254.40,256.00,254.30,255.90,621973.0
SBIN,2017-01-24,00:45:00,255.90,255.90,255.30,255.60,437367.0
SBIN,2017-01-24,01:00:00,255.55,255.80,255.00,255.75,553947.0
SBIN,2017-01-24,01:15:00,255.75,255.90,255.40,255.65,1563332.0
SBIN,2017-01-24,01:30:00,255.65,255.65,255.00,255.15,1656204.0
SBIN,2017-01-24,01:45:00,255.20,255.30,254.75,255.00,988879.0
SBIN,2017-01-24,02:00:00,255.00,255.05,254.45,254.60,1304893.0
SBIN,2017-01-24,19:45:00,255.55,255.55,255.55,255.55,6405.0
SBIN,2017-01-24,20:00:00,255.70,255.80,254.55,254.90,1663751.0
SBIN,2017-01-24,20:15:00,254.95,255.05,254.50,254.95,578751.0
SBIN,2017-01-24,20:30:00,254.95,255.05,254.75,254.85,243422.0
SBIN,2017-01-24,20:45:00,254.85,254.90,254.20,254.60,313762.0
SBIN,2017-01-24,21:00:00,254.65,254.80,254.40,254.75,142183.0
SBIN,2017-01-24,21:15:00,254.75,255.25,254.60,254.75,252338.0
SBIN,2017-01-24,21:30:00,254.70,254.80,254.60,254.70,88974.0
SBIN,2017-01-24,21:45:00,254.75,254.95,254.60,254.60,129525.0
SBIN,2017-01-24,22:00:00,254.70,255.20,254.55,254.90,327440.0
SBIN,2017-01-24,22:15:00,254.90,255.20,254.80,254.95,731462.0
SBIN,2017-01-24,22:30:00,255.00,255.50,254.80,255.10,805112.0
SBIN,2017-01-24,22:45:00,255.10,255.75,254.95,255.20,463431.0
SBIN,2017-01-24,23:00:00,255.20,255.20,254.90,255.10,340787.0
SBIN,2017-01-24,23:15:00,255.10,255.20,255.00,255.05,275786.0
SBIN,2017-01-24,23:30:00,255.10,256.25,255.00,256.15,909192.0
SBIN,2017-01-24,23:45:00,256.10,256.65,256.00,256.30,665699.0
SBIN,2017-01-25,00:00:00,256.30,256.50,255.50,255.85,560585.0
SBIN,2017-01-25,00:15:00,255.90,256.45,255.60,255.95,423371.0
SBIN,2017-01-25,00:30:00,255.95,256.65,255.80,256.35,395991.0
SBIN,2017-01-25,00:45:00,256.25,257.35,256.25,256.65,711889.0
SBIN,2017-01-25,01:00:00,256.70,256.95,256.30,256.75,369529.0
SBIN,2017-01-25,01:15:00,256.65,257.25,256.60,257.15,552734.0
SBIN,2017-01-25,01:30:00,257.15,257.30,256.55,257.00,617114.0
SBIN,2017-01-25,01:45:00,257.00,259.20,256.95,259.15,2477098.0
SBIN,2017-01-25,02:00:00,259.20,261.00,259.15,259.85,2290391.0
SBIN,2017-01-26,19:45:00,260.30,260.30,260.30,260.30,21336.0
SBIN,2017-01-26,20:00:00,260.40,261.90,260.15,260.15,936989.0
SBIN,2017-01-26,20:15:00,260.20,261.65,259.50,261.40,902691.0
SBIN,2017-01-26,20:30:00,261.40,261.50,260.80,261.15,393051.0
SBIN,2017-01-26,20:45:00,261.20,262.85,260.85,262.75,657675.0
SBIN,2017-01-26,21:00:00,262.70,263.80,262.60,263.80,968566.0
SBIN,2017-01-26,21:15:00,263.85,264.15,263.40,263.95,595227.0
SBIN,2017-01-26,21:30:00,263.95,264.10,263.25,263.30,367168.0
SBIN,2017-01-26,21:45:00,263.30,264.90,263.25,264.40,1323940.0
SBIN,2017-01-26,22:00:00,264.50,264.60,264.00,264.15,401812.0
SBIN,2017-01-26,22:15:00,264.10,264.50,263.80,264.20,290448.0
SBIN,2017-01-26,22:30:00,264.10,265.40,264.00,265.05,920255.0
SBIN,2017-01-26,22:45:00,265.10,265.40,265.00,265.15,518985.0
SBIN,2017-01-26,23:00:00,265.20,265.30,264.00,264.40,706940.0
SBIN,2017-01-26,23:15:00,264.45,264.90,264.35,264.55,405298.0
SBIN,2017-01-26,23:30:00,264.65,264.90,264.00,264.60,413695.0
SBIN,2017-01-26,23:45:00,264.70,266.60,264.65,266.50,1153468.0
SBIN,2017-01-27,00:00:00,266.45,266.75,265.65,266.00,489687.0
SBIN,2017-01-27,00:15:00,266.05,266.35,265.90,266.20,451204.0
SBIN,2017-01-27,00:30:00,266.15,267.60,266.00,267.60,723386.0
SBIN,2017-01-27,00:45:00,267.65,268.20,266.80,267.95,971113.0
SBIN,2017-01-27,01:00:00,268.10,268.15,266.50,267.05,641136.0
SBIN,2017-01-27,01:15:00,267.05,267.30,266.00,266.05,576730.0
SBIN,2017-01-27,01:30:00,266.10,266.95,266.00,266.20,423205.0
SBIN,2017-01-27,01:45:00,266.25,266.90,266.05,266.65,826091.0
SBIN,2017-01-27,02:00:00,266.60,266.95,265.75,266.50,1943297.0
SBIN,2017-01-29,19:45:00,265.85,265.85,265.85,265.85,22874.0
SBIN,2017-01-29,20:00:00,265.05,266.70,264.30,266.10,1004082.0
SBIN,2017-01-29,20:15:00,266.05,266.60,263.65,264.25,664728.0
SBIN,2017-01-29,20:30:00,264.20,265.30,264.05,265.00,381017.0
SBIN,2017-01-29,20:45:00,264.90,265.40,264.50,265.35,349740.0
SBIN,2017-01-29,21:00:00,265.40,265.45,264.20,264.80,447924.0
SBIN,2017-01-29,21:15:00,264.80,265.30,264.50,265.20,452922.0
SBIN,2017-01-29,21:30:00,265.15,265.75,264.85,265.70,181307.0
SBIN,2017-01-29,21:45:00,265.70,267.20,265.60,266.95,849563.0
SBIN,2017-01-29,22:00:00,266.95,267.60,266.60,266.75,541327.0
SBIN,2017-01-29,22:15:00,266.75,267.20,266.60,267.20,369588.0
SBIN,2017-01-29,22:30:00,267.10,267.90,266.50,266.80,784450.0
SBIN,2017-01-29,22:45:00,266.80,267.05,265.50,265.65,421749.0
SBIN,2017-01-29,23:00:00,265.65,266.10,265.10,266.00,459411.0
SBIN,2017-01-29,23:15:00,266.00,266.50,265.75,266.30,514836.0
SBIN,2017-01-29,23:30:00,266.45,266.65,266.00,266.20,407814.0
SBIN,2017-01-29,23:45:00,266.20,266.50,266.00,266.05,376953.0
SBIN,2017-01-30,00:00:00,266.05,266.25,265.50,265.70,296992.0
SBIN,2017-01-30,00:15:00,265.80,266.15,265.55,265.90,328901.0
SBIN,2017-01-30,00:30:00,265.90,266.15,265.00,265.10,432129.0
SBIN,2017-01-30,00:45:00,265.05,265.15,264.15,264.20,389344.0
SBIN,2017-01-30,01:00:00,264.30,264.85,264.00,264.60,316508.0
SBIN,2017-01-30,01:15:00,264.60,265.40,264.50,264.95,282968.0
SBIN,2017-01-30,01:30:00,265.00,265.00,264.15,264.85,207740.0
SBIN,2017-01-30,01:45:00,264.95,265.00,263.80,263.90,474978.0
SBIN,2017-01-30,02:00:00,263.85,264.10,263.40,263.85,914021.0
SBIN,2017-01-30,19:45:00,261.15,261.15,261.15,261.15,21827.0
SBIN,2017-01-30,20:00:00,261.85,263.85,261.85,262.30,726287.0
SBIN,2017-01-30,20:15:00,262.45,262.55,261.50,262.50,385493.0
SBIN,2017-01-30,20:30:00,262.65,263.50,262.40,263.40,323491.0
SBIN,2017-01-30,20:45:00,263.35,263.40,262.65,262.90,163503.0
SBIN,2017-01-30,21:00:00,262.75,262.90,262.25,262.45,133964.0
SBIN,2017-01-30,21:15:00,262.45,262.70,261.20,261.35,224974.0
SBIN,2017-01-30,21:30:00,261.40,261.90,261.20,261.75,333947.0
SBIN,2017-01-30,21:45:00,261.75,262.00,261.25,261.70,133534.0
SBIN,2017-01-30,22:00:00,261.70,261.70,260.50,260.75,330900.0
SBIN,2017-01-30,22:15:00,260.70,260.85,260.20,260.65,270546.0
SBIN,2017-01-30,22:30:00,260.70,261.00,260.35,260.90,216098.0
SBIN,2017-01-30,22:45:00,260.85,260.95,259.90,260.35,300504.0
SBIN,2017-01-30,23:00:00,260.45,260.85,259.80,260.70,231664.0
SBIN,2017-01-30,23:15:00,260.75,261.00,260.50,260.70,142387.0
SBIN,2017-01-30,23:30:00,260.70,261.95,260.40,261.75,348640.0
SBIN,2017-01-30,23:45:00,261.75,262.20,260.70,261.15,453788.0
SBIN,2017-01-31,00:00:00,261.15,261.35,260.65,260.95,201371.0
SBIN,2017-01-31,00:15:00,260.95,261.30,260.75,261.20,239095.0
SBIN,2017-01-31,00:30:00,261.20,261.25,260.85,261.00,304036.0
SBIN,2017-01-31,00:45:00,261.00,261.35,260.90,261.00,327699.0
SBIN,2017-01-31,01:00:00,261.00,262.35,260.60,261.75,890855.0
SBIN,2017-01-31,01:15:00,261.80,262.15,260.80,260.90,522762.0
SBIN,2017-01-31,01:30:00,260.90,261.65,260.90,261.30,293809.0
SBIN,2017-01-31,01:45:00,261.25,261.25,260.20,260.40,580491.0
SBIN,2017-01-31,02:00:00,260.45,260.65,259.90,260.00,790299.0
SBIN,2017-01-31,19:45:00,262.00,262.00,261.80,261.80,13192.0
SBIN,2017-01-31,20:00:00,261.60,264.65,261.60,264.00,1173141.0
SBIN,2017-01-31,20:15:00,264.00,264.35,263.50,263.60,587532.0
SBIN,2017-01-31,20:30:00,263.70,264.00,263.50,263.90,378391.0
SBIN,2017-01-31,20:45:00,263.95,265.90,263.85,265.00,1328184.0
SBIN,2017-01-31,21:00:00,265.05,265.75,264.25,265.55,655537.0
SBIN,2017-01-31,21:15:00,265.70,266.40,265.45,266.35,879531.0
SBIN,2017-01-31,21:30:00,266.35,266.90,265.80,266.40,755549.0
SBIN,2017-01-31,21:45:00,266.40,267.00,266.20,266.85,868442.0
SBIN,2017-01-31,22:00:00,266.85,267.60,266.55,267.50,699261.0
SBIN,2017-01-31,22:15:00,267.50,268.25,263.70,264.30,1339425.0
SBIN,2017-01-31,22:30:00,264.15,266.30,264.15,265.70,485048.0
SBIN,2017-01-31,22:45:00,265.60,266.25,262.60,263.60,1186925.0
SBIN,2017-01-31,23:00:00,263.65,264.65,263.20,263.40,733351.0
SBIN,2017-01-31,23:15:00,263.50,266.10,263.00,264.00,936615.0
SBIN,2017-01-31,23:30:00,264.00,266.95,263.60,266.40,962433.0
SBIN,2017-01-31,23:45:00,266.55,270.50,265.65,267.90,4114713.0
SBIN,2017-02-01,00:00:00,267.95,269.10,267.40,268.55,1289142.0
SBIN,2017-02-01,00:15:00,268.80,270.00,268.10,268.40,1709934.0
SBIN,2017-02-01,00:30:00,268.45,269.50,268.00,269.10,713525.0
SBIN,2017-02-01,00:45:00,269.25,269.40,268.00,268.40,589479.0
SBIN,2017-02-01,01:00:00,268.40,268.70,267.05,267.20,515769.0
SBIN,2017-02-01,01:15:00,267.30,267.85,266.80,267.75,538365.0
SBIN,2017-02-01,01:30:00,267.75,269.50,267.70,269.00,1033946.0
SBIN,2017-02-01,01:45:00,268.95,271.45,268.95,271.35,2102119.0
SBIN,2017-02-01,02:00:00,271.30,271.90,270.60,271.40,1642482.0
SBIN,2017-02-01,19:45:00,271.85,271.85,271.85,271.85,32597.0
SBIN,2017-02-01,20:00:00,271.85,273.30,270.75,271.00,2831070.0
SBIN,2017-02-01,20:15:00,271.00,272.75,270.60,272.40,1090269.0
SBIN,2017-02-01,20:30:00,272.50,273.45,272.20,272.35,858628.0
SBIN,2017-02-01,20:45:00,272.40,272.95,271.65,272.25,399746.0
SBIN,2017-02-01,21:00:00,272.50,272.90,272.30,272.50,260162.0
SBIN,2017-02-01,21:15:00,272.55,272.80,271.80,272.60,324775.0
SBIN,2017-02-01,21:30:00,272.60,272.70,271.50,271.70,255408.0
SBIN,2017-02-01,21:45:00,271.65,272.10,271.00,271.00,457346.0
SBIN,2017-02-01,22:00:00,271.05,271.30,270.20,270.80,637253.0
SBIN,2017-02-01,22:15:00,270.70,270.75,268.80,269.60,745438.0
SBIN,2017-02-01,22:30:00,269.50,270.10,269.50,269.70,452719.0
SBIN,2017-02-01,22:45:00,269.70,270.30,269.60,270.15,226736.0
SBIN,2017-02-01,23:00:00,270.15,270.75,269.80,269.90,360100.0
SBIN,2017-02-01,23:15:00,269.90,271.05,269.85,270.90,540413.0
SBIN,2017-02-01,23:30:00,270.90,272.40,270.35,272.00,840184.0
SBIN,2017-02-01,23:45:00,272.00,272.20,271.35,271.50,610947.0
SBIN,2017-02-02,00:00:00,271.50,272.15,271.00,272.05,583656.0
SBIN,2017-02-02,00:15:00,272.10,273.75,272.05,273.20,1262510.0
SBIN,2017-02-02,00:30:00,273.20,273.70,272.80,273.15,846141.0
SBIN,2017-02-02,00:45:00,273.20,275.00,273.10,274.50,1894689.0
SBIN,2017-02-02,01:00:00,274.50,274.95,273.30,273.40,1159757.0
SBIN,2017-02-02,01:15:00,273.40,274.55,273.35,274.15,763333.0
SBIN,2017-02-02,01:30:00,274.20,274.25,273.30,273.35,598210.0
SBIN,2017-02-02,01:45:00,273.35,274.30,273.00,273.20,1103162.0
SBIN,2017-02-02,02:00:00,273.20,273.70,272.60,272.75,969867.0
SBIN,2017-02-02,19:45:00,273.00,273.00,273.00,273.00,12400.0
SBIN,2017-02-02,20:00:00,273.10,276.70,272.20,276.55,1684947.0
SBIN,2017-02-02,20:15:00,276.55,277.35,276.00,276.50,942671.0
SBIN,2017-02-02,20:30:00,276.50,277.50,276.00,277.30,570284.0
SBIN,2017-02-02,20:45:00,277.30,277.30,275.50,276.25,919181.0
SBIN,2017-02-02,21:00:00,276.25,276.50,275.50,275.90,504779.0
SBIN,2017-02-02,21:15:00,275.90,276.70,275.45,276.40,400689.0
SBIN,2017-02-02,21:30:00,276.40,277.20,276.20,276.45,450469.0
SBIN,2017-02-02,21:45:00,276.45,276.55,275.60,275.95,356244.0
SBIN,2017-02-02,22:00:00,275.80,275.90,275.40,275.65,216327.0
SBIN,2017-02-02,22:15:00,275.55,275.55,274.60,275.50,483313.0
SBIN,2017-02-02,22:30:00,275.40,276.40,274.85,275.95,407897.0
SBIN,2017-02-02,22:45:00,276.00,276.30,275.25,275.85,653541.0
SBIN,2017-02-02,23:00:00,275.85,276.90,275.60,276.80,539216.0
SBIN,2017-02-02,23:15:00,276.90,277.50,276.60,276.90,884968.0
SBIN,2017-02-02,23:30:00,276.90,277.00,276.60,276.90,245288.0
SBIN,2017-02-02,23:45:00,276.90,276.90,276.10,276.40,363028.0
SBIN,2017-02-03,00:00:00,276.35,276.85,276.10,276.70,408825.0
SBIN,2017-02-03,00:15:00,276.55,276.95,276.30,276.60,261952.0
SBIN,2017-02-03,00:30:00,276.60,276.90,275.70,276.60,341187.0
SBIN,2017-02-03,00:45:00,276.50,276.90,276.30,276.80,336524.0
SBIN,2017-02-03,01:00:00,276.90,276.90,276.25,276.25,209706.0
SBIN,2017-02-03,01:15:00,276.40,276.50,275.70,275.85,405317.0
SBIN,2017-02-03,01:30:00,275.70,276.55,275.50,276.55,526353.0
SBIN,2017-02-03,01:45:00,276.55,278.20,276.45,277.45,1697637.0
SBIN,2017-02-03,02:00:00,277.55,278.55,277.25,278.10,1529173.0
SBIN,2017-02-05,19:45:00,280.00,280.00,279.65,279.65,42090.0
SBIN,2017-02-05,20:00:00,279.75,280.80,278.95,279.65,1412710.0
SBIN,2017-02-05,20:15:00,279.70,282.30,279.20,282.30,1178473.0
SBIN,2017-02-05,20:30:00,282.30,282.40,281.25,281.30,1091713.0
SBIN,2017-02-05,20:45:00,281.20,282.50,280.65,281.95,804111.0
SBIN,2017-02-05,21:00:00,281.95,282.00,280.70,281.00,464930.0
SBIN,2017-02-05,21:15:00,281.00,281.15,280.75,280.95,204307.0
SBIN,2017-02-05,21:30:00,280.95,281.50,280.75,281.15,378572.0
SBIN,2017-02-05,21:45:00,281.00,281.30,280.65,280.95,241669.0
SBIN,2017-02-05,22:00:00,280.90,281.55,280.80,280.90,370895.0
SBIN,2017-02-05,22:15:00,280.85,281.00,279.60,279.75,698813.0
SBIN,2017-02-05,22:30:00,279.75,280.40,279.30,280.40,322517.0
SBIN,2017-02-05,22:45:00,280.50,281.00,280.20,280.30,294516.0
SBIN,2017-02-05,23:00:00,280.30,280.45,280.00,280.05,195992.0
SBIN,2017-02-05,23:15:00,280.10,280.30,279.70,279.95,238774.0
SBIN,2017-02-05,23:30:00,279.95,280.15,279.85,280.05,192618.0
SBIN,2017-02-05,23:45:00,280.05,280.10,278.65,279.20,461712.0
SBIN,2017-02-06,00:00:00,279.20,279.30,277.55,278.30,759057.0
SBIN,2017-02-06,00:15:00,278.30,278.30,276.15,277.45,1066762.0
SBIN,2017-02-06,00:30:00,277.40,277.80,276.90,277.60,483058.0
SBIN,2017-02-06,00:45:00,277.75,279.00,277.60,278.60,626083.0
SBIN,2017-02-06,01:00:00,278.65,278.90,278.30,278.75,298581.0
SBIN,2017-02-06,01:15:00,278.75,279.00,278.20,278.65,428752.0
SBIN,2017-02-06,01:30:00,278.70,278.75,277.50,277.85,454080.0
SBIN,2017-02-06,01:45:00,277.75,277.95,276.70,276.90,726628.0
SBIN,2017-02-06,02:00:00,276.90,277.25,276.40,276.55,1276686.0
SBIN,2017-02-06,19:45:00,277.85,277.85,277.85,277.85,17361.0
SBIN,2017-02-06,20:00:00,277.50,278.20,276.35,278.00,1129097.0
SBIN,2017-02-06,20:15:00,277.95,278.00,276.90,277.20,536202.0
SBIN,2017-02-06,20:30:00,277.15,277.45,276.80,277.40,349047.0
SBIN,2017-02-06,20:45:00,277.35,278.80,277.35,278.40,665738.0
SBIN,2017-02-06,21:00:00,278.35,278.50,277.80,277.85,157760.0
SBIN,2017-02-06,21:15:00,277.90,278.25,277.65,277.80,125239.0
SBIN,2017-02-06,21:30:00,277.80,277.90,277.10,277.10,219196.0
SBIN,2017-02-06,21:45:00,277.20,277.30,276.90,276.95,209747.0
SBIN,2017-02-06,22:00:00,276.95,277.45,276.90,277.35,215211.0
SBIN,2017-02-06,22:15:00,277.25,277.50,277.10,277.50,93242.0
SBIN,2017-02-06,22:30:00,277.50,278.10,277.30,277.65,243927.0
SBIN,2017-02-06,22:45:00,277.65,277.70,276.65,277.15,267009.0
SBIN,2017-02-06,23:00:00,277.20,277.70,276.70,277.50,383174.0
SBIN,2017-02-06,23:15:00,277.50,278.75,277.45,278.40,802915.0
SBIN,2017-02-06,23:30:00,278.50,279.95,278.40,279.15,1053458.0
SBIN,2017-02-06,23:45:00,279.15,279.70,278.75,279.70,441349.0
SBIN,2017-02-07,00:00:00,279.70,279.70,278.35,278.55,329459.0
SBIN,2017-02-07,00:15:00,278.70,279.35,278.05,279.15,364080.0
SBIN,2017-02-07,00:30:00,279.25,279.50,278.20,278.70,318629.0
SBIN,2017-02-07,00:45:00,278.90,279.10,278.25,278.40,297848.0
SBIN,2017-02-07,01:00:00,278.40,278.90,277.35,277.40,486933.0
SBIN,2017-02-07,01:15:00,277.40,277.95,276.85,277.35,566186.0
SBIN,2017-02-07,01:30:00,277.35,278.60,277.20,277.55,308417.0
SBIN,2017-02-07,01:45:00,277.50,278.50,277.45,277.90,554316.0
SBIN,2017-02-07,02:00:00,278.00,278.20,277.30,277.60,841016.0
SBIN,2017-02-07,19:45:00,278.10,278.10,278.10,278.10,7627.0
SBIN,2017-02-07,20:00:00,278.40,279.15,277.75,278.40,655537.0
SBIN,2017-02-07,20:15:00,278.35,278.35,277.25,277.60,380681.0
SBIN,2017-02-07,20:30:00,277.50,278.10,277.45,277.70,243860.0
SBIN,2017-02-07,20:45:00,277.80,278.15,276.75,277.05,369835.0
SBIN,2017-02-07,21:00:00,277.05,277.75,277.05,277.70,162364.0
SBIN,2017-02-07,21:15:00,277.70,278.10,277.50,277.95,233627.0
SBIN,2017-02-07,21:30:00,277.95,278.40,277.70,278.00,333893.0
SBIN,2017-02-07,21:45:00,278.00,278.20,277.25,277.40,299750.0
SBIN,2017-02-07,22:00:00,277.25,277.70,277.05,277.55,150252.0
SBIN,2017-02-07,22:15:00,277.50,277.70,277.40,277.50,207509.0
SBIN,2017-02-07,22:30:00,277.50,277.70,277.30,277.50,381412.0
SBIN,2017-02-07,22:45:00,277.60,277.75,276.40,276.70,496821.0
SBIN,2017-02-07,23:00:00,276.70,276.80,275.75,275.95,472419.0
SBIN,2017-02-07,23:15:00,275.95,276.30,274.70,275.05,410417.0
SBIN,2017-02-07,23:30:00,275.15,276.50,274.90,276.20,411224.0
SBIN,2017-02-07,23:45:00,276.30,276.40,275.95,276.40,349234.0
SBIN,2017-02-08,00:00:00,276.35,276.85,276.05,276.65,247964.0
SBIN,2017-02-08,00:15:00,276.65,276.75,275.80,276.50,182801.0
SBIN,2017-02-08,00:30:00,276.35,277.40,276.35,276.80,351566.0
SBIN,2017-02-08,00:45:00,276.75,277.00,276.55,276.75,155228.0
SBIN,2017-02-08,01:00:00,276.65,277.30,273.60,275.55,720826.0
SBIN,2017-02-08,01:15:00,275.70,276.50,273.15,276.50,2684490.0
SBIN,2017-02-08,01:30:00,276.50,277.25,275.20,275.85,979840.0
SBIN,2017-02-08,01:45:00,275.90,277.20,275.80,277.15,1217018.0
SBIN,2017-02-08,02:00:00,277.25,279.00,277.05,278.70,1510358.0
SBIN,2017-02-08,19:45:00,278.80,278.80,278.80,278.80,18926.0
SBIN,2017-02-08,20:00:00,278.90,280.25,278.40,278.50,1274203.0
SBIN,2017-02-08,20:15:00,278.50,279.20,278.00,278.95,517075.0
SBIN,2017-02-08,20:30:00,278.90,279.40,278.45,278.65,302395.0
SBIN,2017-02-08,20:45:00,278.60,279.25,278.25,278.45,452689.0
SBIN,2017-02-08,21:00:00,278.45,278.45,275.10,275.30,1148561.0
SBIN,2017-02-08,21:15:00,275.20,275.30,274.10,274.35,924017.0
SBIN,2017-02-08,21:30:00,274.35,274.70,273.50,273.75,622350.0
SBIN,2017-02-08,21:45:00,273.80,274.00,272.25,272.50,840646.0
SBIN,2017-02-08,22:00:00,272.50,272.50,270.85,271.50,1032607.0
SBIN,2017-02-08,22:15:00,271.45,272.50,271.35,272.30,592157.0
SBIN,2017-02-08,22:30:00,272.30,273.40,272.15,272.85,520736.0
SBIN,2017-02-08,22:45:00,273.00,273.40,272.80,272.85,423473.0
SBIN,2017-02-08,23:00:00,272.85,274.25,272.85,274.15,449464.0
SBIN,2017-02-08,23:15:00,274.20,274.20,273.20,273.40,220550.0
SBIN,2017-02-08,23:30:00,273.40,273.85,273.05,273.60,143478.0
SBIN,2017-02-08,23:45:00,273.55,275.20,273.50,274.40,397694.0
SBIN,2017-02-09,00:00:00,274.50,275.15,274.20,274.85,310692.0
SBIN,2017-02-09,00:15:00,274.85,275.75,274.30,275.40,809065.0
SBIN,2017-02-09,00:30:00,275.30,276.00,274.90,275.00,683524.0
SBIN,2017-02-09,00:45:00,274.95,275.40,273.65,274.30,587697.0
SBIN,2017-02-09,01:00:00,274.40,274.70,273.75,274.30,509340.0
SBIN,2017-02-09,01:15:00,274.15,274.90,273.70,274.30,436001.0
SBIN,2017-02-09,01:30:00,274.25,275.25,273.95,274.50,527728.0
SBIN,2017-02-09,01:45:00,274.60,276.20,274.20,276.20,910240.0
SBIN,2017-02-09,02:00:00,276.15,276.80,275.70,276.10,1381590.0
SBIN,2017-02-09,19:45:00,278.75,278.75,278.75,278.75,28857.0
SBIN,2017-02-09,20:00:00,278.40,280.00,278.35,278.90,1867033.0
SBIN,2017-02-09,20:15:00,278.90,279.85,278.90,279.25,658095.0
SBIN,2017-02-09,20:30:00,279.15,279.80,278.80,279.55,631241.0
SBIN,2017-02-09,20:45:00,279.60,280.00,279.00,279.65,718514.0
SBIN,2017-02-09,21:00:00,279.65,279.80,279.05,279.25,303706.0
SBIN,2017-02-09,21:15:00,279.20,279.80,279.20,279.70,348562.0
SBIN,2017-02-09,21:30:00,279.70,280.80,279.65,280.15,1184256.0
SBIN,2017-02-09,21:45:00,280.20,280.90,280.10,280.40,897287.0
SBIN,2017-02-09,22:00:00,280.40,281.50,280.20,280.25,1222777.0
SBIN,2017-02-09,22:15:00,280.20,281.00,280.15,280.85,492733.0
SBIN,2017-02-09,22:30:00,280.85,280.95,280.15,280.35,487355.0
SBIN,2017-02-09,22:45:00,280.35,280.60,280.25,280.45,326030.0
SBIN,2017-02-09,23:00:00,280.40,280.95,280.30,280.60,580070.0
SBIN,2017-02-09,23:15:00,280.65,280.70,280.30,280.45,282826.0
SBIN,2017-02-09,23:30:00,280.45,282.75,280.30,280.70,3967053.0
SBIN,2017-02-09,23:45:00,280.65,281.50,277.70,280.65,5766851.0
SBIN,2017-02-10,00:00:00,280.60,280.85,276.90,278.25,2704756.0
SBIN,2017-02-10,00:15:00,278.25,279.80,277.70,278.75,1535987.0
SBIN,2017-02-10,00:30:00,278.60,280.95,278.40,279.65,1792134.0
SBIN,2017-02-10,00:45:00,279.65,280.60,279.60,280.15,722889.0
SBIN,2017-02-10,01:00:00,280.25,280.95,278.90,280.45,1106942.0
SBIN,2017-02-10,01:15:00,280.45,281.90,279.40,279.40,3270995.0
SBIN,2017-02-10,01:30:00,279.25,279.50,277.80,278.00,1920012.0
SBIN,2017-02-10,01:45:00,277.95,278.60,275.80,276.05,2205503.0
SBIN,2017-02-10,02:00:00,275.95,276.10,275.00,275.20,2536443.0
SBIN,2017-02-12,19:45:00,277.80,277.80,277.80,277.80,37817.0
SBIN,2017-02-12,20:00:00,277.75,278.25,273.00,273.30,2489332.0
SBIN,2017-02-12,20:15:00,273.30,275.75,272.85,274.80,1092363.0
SBIN,2017-02-12,20:30:00,274.95,275.40,274.00,274.95,472148.0
SBIN,2017-02-12,20:45:00,274.85,275.40,274.70,275.00,343348.0
SBIN,2017-02-12,21:00:00,275.00,275.20,273.50,273.75,553384.0
SBIN,2017-02-12,21:15:00,273.90,273.90,272.50,272.80,1082906.0
SBIN,2017-02-12,21:30:00,272.80,273.00,271.55,271.80,1026053.0
SBIN,2017-02-12,21:45:00,271.95,272.45,271.50,272.15,702213.0
SBIN,2017-02-12,22:00:00,272.10,272.50,271.65,271.90,797708.0
SBIN,2017-02-12,22:15:00,271.90,272.20,271.90,272.00,480498.0
SBIN,2017-02-12,22:30:00,272.00,272.90,272.00,272.30,527497.0
SBIN,2017-02-12,22:45:00,272.30,272.80,271.80,271.80,736695.0
SBIN,2017-02-12,23:00:00,271.85,272.20,270.90,271.80,1004554.0
SBIN,2017-02-12,23:15:00,271.90,272.25,271.40,272.05,358340.0
SBIN,2017-02-12,23:30:00,272.10,272.10,271.00,271.40,509091.0
SBIN,2017-02-12,23:45:00,271.40,271.70,270.80,271.20,495374.0
SBIN,2017-02-13,00:00:00,271.25,272.05,271.25,271.85,573569.0
SBIN,2017-02-13,00:15:00,271.85,272.10,271.60,271.75,331804.0
SBIN,2017-02-13,00:30:00,271.80,271.95,271.15,271.45,479563.0
SBIN,2017-02-13,00:45:00,271.50,272.40,271.50,271.85,735053.0
SBIN,2017-02-13,01:00:00,271.95,272.10,271.55,271.55,395584.0
SBIN,2017-02-13,01:15:00,271.60,271.70,270.20,271.10,991528.0
SBIN,2017-02-13,01:30:00,271.05,271.65,270.70,270.90,598401.0
SBIN,2017-02-13,01:45:00,270.90,272.20,270.70,272.00,1244178.0
SBIN,2017-02-13,02:00:00,272.00,272.10,271.00,271.50,1790205.0
SBIN,2017-02-13,19:45:00,272.00,272.00,272.00,272.00,11890.0
SBIN,2017-02-13,20:00:00,272.15,272.45,270.05,271.80,1215381.0
SBIN,2017-02-13,20:15:00,271.75,272.95,271.25,272.00,623666.0
SBIN,2017-02-13,20:30:00,271.95,272.80,271.60,272.55,347280.0
SBIN,2017-02-13,20:45:00,272.55,272.75,271.90,272.15,262735.0
SBIN,2017-02-13,21:00:00,272.15,272.35,271.60,272.00,212961.0
SBIN,2017-02-13,21:15:00,272.00,272.45,271.75,271.85,156430.0
SBIN,2017-02-13,21:30:00,271.95,272.15,271.60,271.95,153400.0
SBIN,2017-02-13,21:45:00,271.95,272.00,271.55,271.75,258841.0
SBIN,2017-02-13,22:00:00,271.70,271.90,271.10,271.25,266102.0
SBIN,2017-02-13,22:15:00,271.25,271.50,270.20,270.55,503715.0
SBIN,2017-02-13,22:30:00,270.55,270.70,269.10,269.90,1123332.0
SBIN,2017-02-13,22:45:00,269.90,270.00,269.15,269.70,432199.0
SBIN,2017-02-13,23:00:00,269.60,269.70,269.20,269.45,173045.0
SBIN,2017-02-13,23:15:00,269.35,269.55,268.20,268.65,495219.0
SBIN,2017-02-13,23:30:00,268.55,269.50,268.50,269.50,190712.0
SBIN,2017-02-13,23:45:00,269.50,270.00,268.85,269.85,439629.0
SBIN,2017-02-14,00:00:00,269.85,270.10,269.40,269.50,365674.0
SBIN,2017-02-14,00:15:00,269.55,269.90,269.50,269.65,167593.0
SBIN,2017-02-14,00:30:00,269.60,269.75,269.05,269.75,300384.0
SBIN,2017-02-14,00:45:00,269.75,270.00,269.35,269.60,224567.0
SBIN,2017-02-14,01:00:00,269.55,269.70,269.25,269.40,154418.0
SBIN,2017-02-14,01:15:00,269.40,271.60,268.75,271.30,1080473.0
SBIN,2017-02-14,01:30:00,271.25,272.45,270.70,271.10,1620251.0
SBIN,2017-02-14,01:45:00,271.10,271.50,270.50,270.55,918389.0
SBIN,2017-02-14,02:00:00,270.50,270.80,268.90,269.60,1590250.0
SBIN,2017-02-14,19:45:00,270.95,270.95,270.70,270.70,8408.0
SBIN,2017-02-14,20:00:00,270.60,272.20,270.50,271.70,747592.0
SBIN,2017-02-14,20:15:00,271.65,272.50,271.40,271.90,451224.0
SBIN,2017-02-14,20:30:00,271.85,271.90,270.95,271.60,296858.0
SBIN,2017-02-14,20:45:00,271.55,272.00,271.30,271.45,225925.0
SBIN,2017-02-14,21:00:00,271.45,271.50,270.80,270.80,281782.0
SBIN,2017-02-14,21:15:00,270.90,271.45,270.65,271.30,129612.0
SBIN,2017-02-14,21:30:00,271.30,271.40,271.00,271.20,108815.0
SBIN,2017-02-14,21:45:00,271.30,271.35,269.35,269.40,567920.0
SBIN,2017-02-14,22:00:00,269.35,270.00,268.55,268.90,775842.0
SBIN,2017-02-14,22:15:00,268.75,269.00,268.05,268.20,938187.0
SBIN,2017-02-14,22:30:00,268.20,269.55,268.00,269.25,947429.0
SBIN,2017-02-14,22:45:00,269.35,269.35,268.45,268.50,265338.0
SBIN,2017-02-14,23:00:00,268.55,269.00,268.20,268.40,352121.0
SBIN,2017-02-14,23:15:00,268.40,268.60,267.05,267.40,768586.0
SBIN,2017-02-14,23:30:00,267.40,268.20,267.40,267.70,310138.0
SBIN,2017-02-14,23:45:00,267.65,268.90,267.55,268.50,324098.0
SBIN,2017-02-15,00:00:00,268.50,268.75,268.25,268.40,255206.0
SBIN,2017-02-15,00:15:00,268.40,269.80,268.25,268.90,745795.0
SBIN,2017-02-15,00:30:00,268.80,269.00,268.55,268.60,256689.0
SBIN,2017-02-15,00:45:00,268.45,269.70,268.30,269.40,576935.0
SBIN,2017-02-15,01:00:00,269.40,270.20,269.25,269.30,670157.0
SBIN,2017-02-15,01:15:00,269.25,269.70,269.05,269.35,358764.0
SBIN,2017-02-15,01:30:00,269.35,269.45,268.85,269.10,354142.0
SBIN,2017-02-15,01:45:00,269.10,269.30,268.40,268.90,573544.0
SBIN,2017-02-15,02:00:00,268.95,269.35,268.50,269.30,902640.0
SBIN,2017-02-15,19:45:00,277.00,277.00,277.00,277.00,141175.0
SBIN,2017-02-15,20:00:00,276.40,276.40,272.00,273.10,4335899.0
SBIN,2017-02-15,20:15:00,273.15,273.30,271.50,272.65,1469591.0
SBIN,2017-02-15,20:30:00,272.70,272.95,271.80,272.00,573915.0
SBIN,2017-02-15,20:45:00,271.95,272.80,271.00,271.50,711581.0
SBIN,2017-02-15,21:00:00,271.40,272.20,271.00,271.30,1239043.0
SBIN,2017-02-15,21:15:00,271.30,272.00,271.20,271.60,574671.0
SBIN,2017-02-15,21:30:00,271.60,272.25,271.45,271.75,492509.0
SBIN,2017-02-15,21:45:00,271.75,272.05,271.70,271.95,459032.0
SBIN,2017-02-15,22:00:00,271.95,272.65,271.95,272.20,456996.0
SBIN,2017-02-15,22:15:00,272.20,273.25,272.15,272.85,932423.0
SBIN,2017-02-15,22:30:00,272.85,272.95,272.25,272.35,332683.0
SBIN,2017-02-15,22:45:00,272.35,272.70,271.85,272.10,655566.0
SBIN,2017-02-15,23:00:00,272.05,272.40,271.35,271.45,732001.0
SBIN,2017-02-15,23:15:00,271.45,271.70,270.30,270.95,871435.0
SBIN,2017-02-15,23:30:00,271.00,271.00,269.90,270.85,1049204.0
SBIN,2017-02-15,23:45:00,270.90,271.00,270.40,270.45,334478.0
SBIN,2017-02-16,00:00:00,270.45,270.90,270.30,270.45,368021.0
SBIN,2017-02-16,00:15:00,270.40,271.00,270.40,270.85,297417.0
SBIN,2017-02-16,00:30:00,270.85,271.60,270.75,271.25,546876.0
SBIN,2017-02-16,00:45:00,271.25,271.60,270.45,271.35,489488.0
SBIN,2017-02-16,01:00:00,271.35,271.40,270.55,270.65,300069.0
SBIN,2017-02-16,01:15:00,270.55,271.30,270.50,271.15,486464.0
SBIN,2017-02-16,01:30:00,271.15,271.25,270.70,270.70,355215.0
SBIN,2017-02-16,01:45:00,270.80,271.05,270.50,270.80,1108812.0
SBIN,2017-02-16,02:00:00,270.80,270.85,269.75,270.40,2457015.0
SBIN,2017-02-16,19:45:00,271.15,271.15,271.15,271.15,28745.0
SBIN,2017-02-16,20:00:00,271.80,273.60,271.05,272.15,2458684.0
SBIN,2017-02-16,20:15:00,272.15,272.30,268.75,268.80,1379840.0
SBIN,2017-02-16,20:30:00,268.75,269.50,267.70,269.45,848435.0
SBIN,2017-02-16,20:45:00,269.45,269.80,268.70,268.85,368835.0
SBIN,2017-02-16,21:00:00,268.90,269.20,268.25,268.75,393947.0
SBIN,2017-02-16,21:15:00,268.75,269.25,268.00,268.55,434109.0
SBIN,2017-02-16,21:30:00,268.50,268.80,268.25,268.55,214632.0
SBIN,2017-02-16,21:45:00,268.65,269.10,268.40,268.50,316227.0
SBIN,2017-02-16,22:00:00,268.40,268.50,268.00,268.10,363854.0
SBIN,2017-02-16,22:15:00,268.15,268.70,268.10,268.70,362858.0
SBIN,2017-02-16,22:30:00,268.70,269.00,268.25,268.95,771252.0
SBIN,2017-02-16,22:45:00,268.80,269.70,268.80,269.15,694429.0
SBIN,2017-02-16,23:00:00,269.15,269.55,269.00,269.50,378544.0
SBIN,2017-02-16,23:15:00,269.50,269.60,269.05,269.40,415385.0
SBIN,2017-02-16,23:30:00,269.35,269.45,269.00,269.15,347508.0
SBIN,2017-02-16,23:45:00,269.15,269.90,268.95,269.25,1106642.0
SBIN,2017-02-17,00:00:00,269.25,270.30,269.00,270.00,1322556.0
SBIN,2017-02-17,00:15:00,269.95,270.20,269.15,269.60,659850.0
SBIN,2017-02-17,00:30:00,269.60,270.00,269.35,269.65,373396.0
SBIN,2017-02-17,00:45:00,269.65,269.95,269.35,269.40,410459.0
SBIN,2017-02-17,01:00:00,269.35,269.75,269.25,269.65,320039.0
SBIN,2017-02-17,01:15:00,269.50,270.20,269.50,270.10,593315.0
SBIN,2017-02-17,01:30:00,270.10,270.10,269.00,269.40,726852.0
SBIN,2017-02-17,01:45:00,269.35,269.75,269.00,269.20,774189.0
SBIN,2017-02-17,02:00:00,269.30,269.85,268.80,269.50,1748121.0
SBIN,2017-02-19,19:45:00,269.90,269.90,269.90,269.90,10641.0
SBIN,2017-02-19,20:00:00,269.50,269.60,268.05,268.65,702631.0
SBIN,2017-02-19,20:15:00,268.70,269.60,268.60,268.85,425160.0
SBIN,2017-02-19,20:30:00,268.80,270.90,268.80,270.90,596396.0
SBIN,2017-02-19,20:45:00,270.80,271.50,270.40,270.85,619425.0
SBIN,2017-02-19,21:00:00,270.85,271.00,270.25,270.45,152219.0
SBIN,2017-02-19,21:15:00,270.35,270.85,270.30,270.60,106662.0
SBIN,2017-02-19,21:30:00,270.55,270.75,270.25,270.45,119247.0
SBIN,2017-02-19,21:45:00,270.40,270.45,269.75,269.80,180952.0
SBIN,2017-02-19,22:00:00,269.85,269.85,269.30,269.40,293784.0
SBIN,2017-02-19,22:15:00,269.35,269.75,269.30,269.45,130701.0
SBIN,2017-02-19,22:30:00,269.45,269.65,268.95,269.25,249455.0
SBIN,2017-02-19,22:45:00,269.20,269.35,269.10,269.20,191449.0
SBIN,2017-02-19,23:00:00,269.20,269.20,268.60,268.80,281811.0
SBIN,2017-02-19,23:15:00,268.80,269.65,268.40,269.65,383009.0
SBIN,2017-02-19,23:30:00,269.65,269.65,269.00,269.20,221966.0
SBIN,2017-02-19,23:45:00,269.10,269.30,268.80,269.10,184572.0
SBIN,2017-02-20,00:00:00,269.00,269.15,268.70,268.90,208256.0
SBIN,2017-02-20,00:15:00,268.80,268.90,268.45,268.80,236688.0
SBIN,2017-02-20,00:30:00,268.90,269.20,268.55,269.00,228043.0
SBIN,2017-02-20,00:45:00,269.05,269.40,269.00,269.25,366129.0
SBIN,2017-02-20,01:00:00,269.25,269.50,269.15,269.35,274838.0
SBIN,2017-02-20,01:15:00,269.35,269.45,269.00,269.40,411999.0
SBIN,2017-02-20,01:30:00,269.40,270.00,269.10,269.60,654975.0
SBIN,2017-02-20,01:45:00,269.60,270.00,269.15,269.80,701440.0
SBIN,2017-02-20,02:00:00,269.80,270.30,269.10,269.50,1276793.0
SBIN,2017-02-20,19:45:00,270.00,270.00,270.00,270.00,12926.0
